<?xml version="1.0" encoding="UTF-8"?>
    <addon id="repository.McKodi" name="McKodi" version="1" provider-name="MccBlaise">
        <requires>
            <import addon="xbmc.addon" version="12.0.0"/>
        </requires>
        <extension point="xbmc.addon.repository" name="McKodi">
            <info compressed="false">https://raw.githubusercontent.com/mccblaise/McKodi/master/_repo/addons.xml</info>
            <checksum>https://raw.githubusercontent.com/mccblaise/McKodi/master/_repo/addons.xml.md5</checksum>
            <datadir zip="true">https://raw.githubusercontent.com/mccblaise/McKodi/master/_repo/</datadir>
            <hashes>false</hashes>
        </extension>
        <extension point="xbmc.addon.metadata">
            <summary>BC reinstalling these is a pain in the ass</summary>
            <description>Every Addon I have ever needed... Possibly more or less to come</description>
            <platform>all</platform>
    </extension>
</addon>